--
-- PostgreSQL database dump
--

-- Dumped from database version 16.8
-- Dumped by pg_dump version 16.8

-- Started on 2025-12-04 16:15:40

SET statement_timeout = 0;
SET lock_timeout = 0;
SET idle_in_transaction_session_timeout = 0;
SET client_encoding = 'UTF8';
SET standard_conforming_strings = on;
SELECT pg_catalog.set_config('search_path', '', false);
SET check_function_bodies = false;
SET xmloption = content;
SET client_min_messages = warning;
SET row_security = off;

SET default_tablespace = '';

SET default_table_access_method = heap;

--
-- TOC entry 217 (class 1259 OID 32859)
-- Name: Artistas; Type: TABLE; Schema: public; Owner: postgres
--

CREATE TABLE public."Artistas" (
    "Id" integer NOT NULL,
    "Nombre" text NOT NULL,
    "Nacionalidad" text,
    "Biografia" text,
    "GeneroPrincipal" text
);


ALTER TABLE public."Artistas" OWNER TO postgres;

--
-- TOC entry 216 (class 1259 OID 32858)
-- Name: Artistas_Id_seq; Type: SEQUENCE; Schema: public; Owner: postgres
--

ALTER TABLE public."Artistas" ALTER COLUMN "Id" ADD GENERATED BY DEFAULT AS IDENTITY (
    SEQUENCE NAME public."Artistas_Id_seq"
    START WITH 1
    INCREMENT BY 1
    NO MINVALUE
    NO MAXVALUE
    CACHE 1
);


--
-- TOC entry 221 (class 1259 OID 32880)
-- Name: Canciones; Type: TABLE; Schema: public; Owner: postgres
--

CREATE TABLE public."Canciones" (
    "Id" integer NOT NULL,
    "Titulo" text NOT NULL,
    "Duracion" text NOT NULL,
    "Genero" text NOT NULL,
    "DiscoId" integer NOT NULL
);


ALTER TABLE public."Canciones" OWNER TO postgres;

--
-- TOC entry 220 (class 1259 OID 32879)
-- Name: Canciones_Id_seq; Type: SEQUENCE; Schema: public; Owner: postgres
--

ALTER TABLE public."Canciones" ALTER COLUMN "Id" ADD GENERATED BY DEFAULT AS IDENTITY (
    SEQUENCE NAME public."Canciones_Id_seq"
    START WITH 1
    INCREMENT BY 1
    NO MINVALUE
    NO MAXVALUE
    CACHE 1
);


--
-- TOC entry 219 (class 1259 OID 32867)
-- Name: Discos; Type: TABLE; Schema: public; Owner: postgres
--

CREATE TABLE public."Discos" (
    "Id" integer NOT NULL,
    "Titulo" text NOT NULL,
    "AnioLanzamiento" integer NOT NULL,
    "TipoDisco" text NOT NULL,
    "ArtistaId" integer NOT NULL
);


ALTER TABLE public."Discos" OWNER TO postgres;

--
-- TOC entry 218 (class 1259 OID 32866)
-- Name: Discos_Id_seq; Type: SEQUENCE; Schema: public; Owner: postgres
--

ALTER TABLE public."Discos" ALTER COLUMN "Id" ADD GENERATED BY DEFAULT AS IDENTITY (
    SEQUENCE NAME public."Discos_Id_seq"
    START WITH 1
    INCREMENT BY 1
    NO MINVALUE
    NO MAXVALUE
    CACHE 1
);


--
-- TOC entry 215 (class 1259 OID 32853)
-- Name: __EFMigrationsHistory; Type: TABLE; Schema: public; Owner: postgres
--

CREATE TABLE public."__EFMigrationsHistory" (
    "MigrationId" character varying(150) NOT NULL,
    "ProductVersion" character varying(32) NOT NULL
);


ALTER TABLE public."__EFMigrationsHistory" OWNER TO postgres;

--
-- TOC entry 4805 (class 0 OID 32859)
-- Dependencies: 217
-- Data for Name: Artistas; Type: TABLE DATA; Schema: public; Owner: postgres
--

COPY public."Artistas" ("Id", "Nombre", "Nacionalidad", "Biografia", "GeneroPrincipal") FROM stdin;
2	Natalia Oreiro	Argentina	\N	Pop
1	Amy E. Callahan	Reino Unido	Cantautora de soul y R&B.	Soul
3	fefrg	bfbbfb	\N	ffdfdf
4	ffdfdfdddd	aaaasss	\N	bbbb
\.


--
-- TOC entry 4809 (class 0 OID 32880)
-- Dependencies: 221
-- Data for Name: Canciones; Type: TABLE DATA; Schema: public; Owner: postgres
--

COPY public."Canciones" ("Id", "Titulo", "Duracion", "Genero", "DiscoId") FROM stdin;
3	rrrr	3:55	rrrr	25
4	yyyy	3:55	rrrr	26
5	yyyy	3:55	rrrr	29
6	qwqwqwqw	3:55	rock	29
2	wewewew	3:55	pop	31
\.


--
-- TOC entry 4807 (class 0 OID 32867)
-- Dependencies: 219
-- Data for Name: Discos; Type: TABLE DATA; Schema: public; Owner: postgres
--

COPY public."Discos" ("Id", "Titulo", "AnioLanzamiento", "TipoDisco", "ArtistaId") FROM stdin;
23	dubi dubi 1	1999	pop	2
25	dubi dubi 1	1999	pop	2
26	dubi dubi 1	1999	pop	2
27	dubi dubi 1	1999	pop	2
29	aaaa2	1999	popi	1
30	qqqq	1999	pop	1
31	rrrrrrrrr	1999	e3e3e3e3	3
32	wewewewew	2003	wewewew	2
\.


--
-- TOC entry 4803 (class 0 OID 32853)
-- Dependencies: 215
-- Data for Name: __EFMigrationsHistory; Type: TABLE DATA; Schema: public; Owner: postgres
--

COPY public."__EFMigrationsHistory" ("MigrationId", "ProductVersion") FROM stdin;
20251202112709_ModelosCompletosPostgres	9.0.0
20251202123223_AgregarGeneroPrincipalAArtista	9.0.0
\.


--
-- TOC entry 4815 (class 0 OID 0)
-- Dependencies: 216
-- Name: Artistas_Id_seq; Type: SEQUENCE SET; Schema: public; Owner: postgres
--

SELECT pg_catalog.setval('public."Artistas_Id_seq"', 4, true);


--
-- TOC entry 4816 (class 0 OID 0)
-- Dependencies: 220
-- Name: Canciones_Id_seq; Type: SEQUENCE SET; Schema: public; Owner: postgres
--

SELECT pg_catalog.setval('public."Canciones_Id_seq"', 6, true);


--
-- TOC entry 4817 (class 0 OID 0)
-- Dependencies: 218
-- Name: Discos_Id_seq; Type: SEQUENCE SET; Schema: public; Owner: postgres
--

SELECT pg_catalog.setval('public."Discos_Id_seq"', 32, true);


--
-- TOC entry 4651 (class 2606 OID 32865)
-- Name: Artistas PK_Artistas; Type: CONSTRAINT; Schema: public; Owner: postgres
--

ALTER TABLE ONLY public."Artistas"
    ADD CONSTRAINT "PK_Artistas" PRIMARY KEY ("Id");


--
-- TOC entry 4657 (class 2606 OID 32886)
-- Name: Canciones PK_Canciones; Type: CONSTRAINT; Schema: public; Owner: postgres
--

ALTER TABLE ONLY public."Canciones"
    ADD CONSTRAINT "PK_Canciones" PRIMARY KEY ("Id");


--
-- TOC entry 4654 (class 2606 OID 32873)
-- Name: Discos PK_Discos; Type: CONSTRAINT; Schema: public; Owner: postgres
--

ALTER TABLE ONLY public."Discos"
    ADD CONSTRAINT "PK_Discos" PRIMARY KEY ("Id");


--
-- TOC entry 4649 (class 2606 OID 32857)
-- Name: __EFMigrationsHistory PK___EFMigrationsHistory; Type: CONSTRAINT; Schema: public; Owner: postgres
--

ALTER TABLE ONLY public."__EFMigrationsHistory"
    ADD CONSTRAINT "PK___EFMigrationsHistory" PRIMARY KEY ("MigrationId");


--
-- TOC entry 4655 (class 1259 OID 32892)
-- Name: IX_Canciones_DiscoId; Type: INDEX; Schema: public; Owner: postgres
--

CREATE INDEX "IX_Canciones_DiscoId" ON public."Canciones" USING btree ("DiscoId");


--
-- TOC entry 4652 (class 1259 OID 32893)
-- Name: IX_Discos_ArtistaId; Type: INDEX; Schema: public; Owner: postgres
--

CREATE INDEX "IX_Discos_ArtistaId" ON public."Discos" USING btree ("ArtistaId");


--
-- TOC entry 4659 (class 2606 OID 32887)
-- Name: Canciones FK_Canciones_Discos_DiscoId; Type: FK CONSTRAINT; Schema: public; Owner: postgres
--

ALTER TABLE ONLY public."Canciones"
    ADD CONSTRAINT "FK_Canciones_Discos_DiscoId" FOREIGN KEY ("DiscoId") REFERENCES public."Discos"("Id") ON DELETE CASCADE;


--
-- TOC entry 4658 (class 2606 OID 32874)
-- Name: Discos FK_Discos_Artistas_ArtistaId; Type: FK CONSTRAINT; Schema: public; Owner: postgres
--

ALTER TABLE ONLY public."Discos"
    ADD CONSTRAINT "FK_Discos_Artistas_ArtistaId" FOREIGN KEY ("ArtistaId") REFERENCES public."Artistas"("Id") ON DELETE CASCADE;


-- Completed on 2025-12-04 16:15:41

--
-- PostgreSQL database dump complete
--

